timestamp,event
2025-10-08 12:21:02,Connected to COM5
2025-10-08 12:21:02,âœ… Failsafe cleared after heartbeat recovery
2025-10-08 12:21:21,"SET: PID â†’ Kp=2.0, Ki=2.0, Kd=2.0"
2025-10-08 12:21:21,ğŸ”¥ Heating PID parameters updated
2025-10-08 12:21:21,ğŸ”¥ Heating PID parameters updated
2025-10-08 12:21:21,ğŸ”¥ Heating PID parameters updated
2025-10-08 12:21:23,CMD: save_eeprom
2025-10-08 12:21:32,"SET: PID â†’ Kp=2.0, Ki=1.0, Kd=1.0"
2025-10-08 12:21:32,ğŸ”¥ Heating PID parameters updated
2025-10-08 12:21:32,ğŸ”¥ Heating PID parameters updated
2025-10-08 12:21:32,ğŸ”¥ Heating PID parameters updated
2025-10-08 12:21:34,CMD: save_eeprom
2025-10-08 12:21:57,SET: target_temp â†’ 25.00Â°C
2025-10-08 12:22:01,CMD: pid â†’ start
2025-10-08 12:22:01,ğŸš€ Asymmetric PID started
